{
  "hash": "18bd1b4e",
  "configHash": "d60ee87e",
  "lockfileHash": "15e9909c",
  "browserHash": "ddefc013",
  "optimized": {
    "@angular/common": {
      "src": "../../../../../node_modules/@angular/common/fesm2022/common.mjs",
      "file": "@angular_common.js",
      "fileHash": "c0903ac1",
      "needsInterop": false
    },
    "@angular/common/http": {
      "src": "../../../../../node_modules/@angular/common/fesm2022/http.mjs",
      "file": "@angular_common_http.js",
      "fileHash": "ee2a9e33",
      "needsInterop": false
    },
    "@angular/core": {
      "src": "../../../../../node_modules/@angular/core/fesm2022/core.mjs",
      "file": "@angular_core.js",
      "fileHash": "784272a0",
      "needsInterop": false
    },
    "@angular/forms": {
      "src": "../../../../../node_modules/@angular/forms/fesm2022/forms.mjs",
      "file": "@angular_forms.js",
      "fileHash": "93a939f8",
      "needsInterop": false
    },
    "@angular/platform-browser": {
      "src": "../../../../../node_modules/@angular/platform-browser/fesm2022/platform-browser.mjs",
      "file": "@angular_platform-browser.js",
      "fileHash": "59847bc9",
      "needsInterop": false
    },
    "@angular/router": {
      "src": "../../../../../node_modules/@angular/router/fesm2022/router.mjs",
      "file": "@angular_router.js",
      "fileHash": "9bbfd601",
      "needsInterop": false
    }
  },
  "chunks": {
    "chunk-I63TZRSD": {
      "file": "chunk-I63TZRSD.js"
    },
    "chunk-GFEVLJK6": {
      "file": "chunk-GFEVLJK6.js"
    },
    "chunk-SJQNNIAA": {
      "file": "chunk-SJQNNIAA.js"
    },
    "chunk-RBFO6OI2": {
      "file": "chunk-RBFO6OI2.js"
    }
  }
}